<?xml version="1.0" encoding="UTF-8"?>
<project-private xmlns="http://www.netbeans.org/ns/project-private/1">
    <editor-bookmarks xmlns="http://www.netbeans.org/ns/editor-bookmarks/2" lastBookmarkId="0"/>
    <open-files xmlns="http://www.netbeans.org/ns/projectui-open-files/1">
        <file>file:/C:/Users/Medha/Documents/NetBeansProjects/WebApplication1/web/view/uploadpath.xhtml</file>
        <file>file:/C:/Users/Medha/Documents/NetBeansProjects/WebApplication1/src/java/devpaths/bean/DevpathBean.java</file>
        <file>file:/C:/Users/Medha/Documents/NetBeansProjects/WebApplication1/src/java/FileUpload/Bean/FileUploadBean.java</file>
        <file>file:/C:/Users/Medha/Documents/NetBeansProjects/WebApplication1/web/view/newjsf.xhtml</file>
        <file>file:/C:/Users/Medha/Documents/NetBeansProjects/WebApplication1/web/view/devdownload.xhtml</file>
        <file>file:/C:/Users/Medha/Documents/NetBeansProjects/WebApplication1/src/java/FileDownload/Bean/FileDownloadBean.java</file>
    </open-files>
</project-private>
